subscription_id,account_id,plan_name,status,mrr,started_at,ended_at
1,378,growth,active,149,2026-05-17 22:37:57,
2,405,starter,active,49,2026-05-17 22:44:05,
3,197,growth,cancelled,149,2026-05-17 22:52:18,2026-06-16 22:52:18.931901
4,285,starter,active,49,2026-05-17 22:56:52,
5,40,growth,active,149,2026-05-17 22:29:22,
6,218,growth,active,149,2026-05-17 22:52:57,
7,173,starter,cancelled,49,2026-05-17 22:46:43,2026-06-16 22:46:43.939670
8,282,growth,cancelled,149,2026-05-17 22:42:53,2026-06-16 22:42:53.440194
9,414,growth,active,149,2026-05-17 22:32:00,
10,474,growth,paused,149,2026-05-17 22:34:36,2026-06-16 22:34:36.513895
11,113,growth,active,149,2026-05-17 22:28:48,
12,303,starter,paused,49,2026-05-17 22:35:50,2026-06-16 22:35:50.561591
13,354,growth,active,149,2026-05-17 22:38:50,
14,75,enterprise,active,499,2026-05-17 22:59:06,
15,262,growth,cancelled,149,2026-05-17 22:51:58,2026-06-16 22:51:58.199163
16,356,growth,active,149,2026-05-17 22:49:38,
17,166,growth,paused,149,2026-05-17 22:55:18,2026-06-16 22:55:18.796643
18,262,enterprise,active,499,2026-05-17 22:35:23,
19,245,enterprise,active,499,2026-05-17 22:32:55,
20,432,growth,active,149,2026-05-17 22:45:23,
21,278,enterprise,active,499,2026-05-17 22:39:41,
22,91,starter,active,49,2026-05-17 22:48:50,
23,244,growth,active,149,2026-05-17 22:47:44,
24,407,growth,cancelled,149,2026-05-17 22:36:29,2026-06-16 22:36:29.863169
25,275,growth,active,149,2026-05-17 22:29:00,
26,83,starter,active,49,2026-05-17 22:47:58,
27,380,enterprise,cancelled,499,2026-05-17 22:39:52,2026-06-16 22:39:52.821781
28,154,growth,active,149,2026-05-17 22:30:12,
29,234,growth,active,149,2026-05-17 22:52:55,
30,9,enterprise,active,499,2026-05-17 22:50:16,
31,439,starter,active,49,2026-05-17 22:58:33,
32,57,growth,active,149,2026-05-17 22:45:41,
33,364,starter,active,49,2026-05-17 22:41:17,
34,364,starter,active,49,2026-05-17 22:47:17,
35,416,starter,cancelled,49,2026-05-17 22:49:34,2026-06-16 22:49:34.494161
36,180,starter,active,49,2026-05-17 22:34:21,
37,456,growth,active,149,2026-05-17 22:40:41,
38,318,growth,active,149,2026-05-17 22:50:44,
39,143,starter,active,49,2026-05-17 22:45:18,
40,198,enterprise,active,499,2026-05-17 22:41:34,
41,144,enterprise,active,499,2026-05-17 22:44:57,
42,179,growth,active,149,2026-05-17 22:41:44,
43,172,starter,active,49,2026-05-17 22:58:19,
44,32,growth,active,149,2026-05-17 22:39:10,
45,368,growth,active,149,2026-05-17 22:51:54,
46,364,starter,cancelled,49,2026-05-17 22:49:51,2026-06-16 22:49:51.727133
47,222,growth,active,149,2026-05-17 22:27:37,
48,333,starter,active,49,2026-05-17 22:43:33,
49,380,growth,active,149,2026-05-17 22:38:55,
50,358,starter,active,49,2026-05-17 22:41:18,
51,491,starter,active,49,2026-05-17 22:43:21,
52,357,growth,cancelled,149,2026-05-17 22:30:57,2026-06-16 22:30:57.008838
53,283,enterprise,active,499,2026-05-17 22:34:06,
54,456,starter,paused,49,2026-05-17 22:47:50,2026-06-16 22:47:50.403772
55,153,growth,active,149,2026-05-17 22:42:13,
56,140,growth,cancelled,149,2026-05-17 22:40:07,2026-06-16 22:40:07.057165
57,472,starter,paused,49,2026-05-17 22:49:37,2026-06-16 22:49:37.272654
58,97,enterprise,active,499,2026-05-17 22:31:19,
59,271,starter,active,49,2026-05-17 22:52:48,
60,49,growth,active,149,2026-05-17 22:41:06,
61,468,growth,active,149,2026-05-17 22:40:45,
62,384,starter,paused,49,2026-05-17 22:48:21,2026-06-16 22:48:21.911606
63,343,starter,paused,49,2026-05-17 22:56:54,2026-06-16 22:56:54.732490
64,161,starter,active,49,2026-05-17 22:32:42,
65,499,growth,paused,149,2026-05-17 22:46:35,2026-06-16 22:46:35.600438
66,317,enterprise,active,499,2026-05-17 22:37:26,
67,279,starter,paused,49,2026-05-17 22:37:32,2026-06-16 22:37:32.219122
68,204,starter,active,49,2026-05-17 22:36:47,
69,142,growth,active,149,2026-05-17 22:29:58,
70,413,enterprise,active,499,2026-05-17 22:41:27,
71,96,starter,active,49,2026-05-17 22:46:14,
72,166,enterprise,active,499,2026-05-17 22:38:34,
73,400,starter,active,49,2026-05-17 22:56:10,
74,13,growth,active,149,2026-05-17 22:51:21,
75,172,growth,active,149,2026-05-17 22:54:48,
76,48,enterprise,active,499,2026-05-17 22:34:01,
77,113,enterprise,active,499,2026-05-17 22:30:15,
78,138,growth,active,149,2026-05-17 22:37:43,
79,29,growth,active,149,2026-05-17 22:49:41,
80,84,starter,active,49,2026-05-17 22:40:19,
81,9,starter,active,49,2026-05-17 22:32:09,
82,27,growth,active,149,2026-05-17 22:44:35,
83,42,growth,active,149,2026-05-17 22:29:08,
84,454,growth,cancelled,149,2026-05-17 22:31:32,2026-06-16 22:31:32.415558
85,223,growth,active,149,2026-05-17 22:43:44,
86,452,starter,active,49,2026-05-17 22:34:42,
87,200,growth,cancelled,149,2026-05-17 22:33:01,2026-06-16 22:33:01.896811
88,351,growth,active,149,2026-05-17 22:34:20,
89,389,enterprise,active,499,2026-05-17 22:40:36,
90,71,enterprise,active,499,2026-05-17 22:35:13,
91,487,growth,active,149,2026-05-17 22:47:38,
92,360,growth,active,149,2026-05-17 22:31:44,
93,421,growth,active,149,2026-05-17 22:56:09,
94,239,starter,active,49,2026-05-17 22:43:41,
95,366,growth,active,149,2026-05-17 22:49:47,
96,380,enterprise,active,499,2026-05-17 22:33:05,
97,439,starter,active,49,2026-05-17 22:53:39,
98,6,growth,active,149,2026-05-17 22:57:11,
99,93,enterprise,paused,499,2026-05-17 22:32:09,2026-06-16 22:32:09.052109
100,279,enterprise,paused,499,2026-05-17 22:33:12,2026-06-16 22:33:12.450908
101,255,starter,paused,49,2026-05-17 22:38:07,2026-06-16 22:38:07.944723
102,15,enterprise,active,499,2026-05-17 22:57:06,
103,175,starter,active,49,2026-05-17 22:28:39,
104,384,growth,active,149,2026-05-17 22:54:04,
105,296,starter,active,49,2026-05-17 22:30:15,
106,34,growth,paused,149,2026-05-17 22:43:09,2026-06-16 22:43:09.644359
107,152,enterprise,cancelled,499,2026-05-17 22:35:55,2026-06-16 22:35:55.991663
108,52,starter,active,49,2026-05-17 22:52:59,
109,250,starter,cancelled,49,2026-05-17 22:37:26,2026-06-16 22:37:26.030558
110,374,growth,active,149,2026-05-17 22:30:38,
111,127,starter,active,49,2026-05-17 22:28:33,
112,479,starter,active,49,2026-05-17 22:48:19,
113,450,starter,active,49,2026-05-17 22:43:32,
114,462,growth,active,149,2026-05-17 22:35:35,
115,59,growth,active,149,2026-05-17 22:55:50,
116,496,starter,active,49,2026-05-17 22:59:40,
117,193,starter,cancelled,49,2026-05-17 22:36:21,2026-06-16 22:36:21.246943
118,42,growth,active,149,2026-05-17 22:51:40,
119,240,growth,cancelled,149,2026-05-17 22:40:36,2026-06-16 22:40:36.331286
120,188,starter,active,49,2026-05-17 22:41:09,
121,459,starter,active,49,2026-05-17 22:31:52,
122,451,growth,active,149,2026-05-17 22:40:29,
123,12,growth,cancelled,149,2026-05-17 22:46:30,2026-06-16 22:46:30.398302
124,454,enterprise,paused,499,2026-05-17 22:30:19,2026-06-16 22:30:19.238080
125,434,growth,active,149,2026-05-17 22:38:27,
126,250,starter,active,49,2026-05-17 22:38:53,
127,154,starter,active,49,2026-05-17 22:49:41,
128,147,starter,active,49,2026-05-17 22:47:02,
129,290,starter,active,49,2026-05-17 22:50:18,
130,40,enterprise,active,499,2026-05-17 22:46:53,
131,111,growth,active,149,2026-05-17 22:44:29,
132,306,enterprise,cancelled,499,2026-05-17 22:48:59,2026-06-16 22:48:59.350816
133,388,starter,cancelled,49,2026-05-17 22:50:03,2026-06-16 22:50:03.402354
134,132,enterprise,active,499,2026-05-17 22:45:22,
135,39,growth,cancelled,149,2026-05-17 22:56:19,2026-06-16 22:56:19.865836
136,105,growth,active,149,2026-05-17 22:28:03,
137,449,growth,active,149,2026-05-17 22:41:21,
138,498,growth,paused,149,2026-05-17 22:30:16,2026-06-16 22:30:16.631818
139,417,starter,paused,49,2026-05-17 22:29:21,2026-06-16 22:29:21.089688
140,452,enterprise,active,499,2026-05-17 22:42:00,
141,190,enterprise,active,499,2026-05-17 22:48:17,
142,44,growth,active,149,2026-05-17 22:58:26,
143,201,growth,cancelled,149,2026-05-17 22:46:14,2026-06-16 22:46:14.867117
144,330,growth,active,149,2026-05-17 22:48:59,
145,123,growth,paused,149,2026-05-17 22:56:53,2026-06-16 22:56:53.858450
146,221,growth,active,149,2026-05-17 22:47:29,
147,291,starter,active,49,2026-05-17 22:53:37,
148,140,growth,active,149,2026-05-17 22:57:47,
149,414,growth,active,149,2026-05-17 22:56:26,
150,21,growth,active,149,2026-05-17 22:43:33,
151,208,growth,active,149,2026-05-17 22:30:09,
152,348,growth,active,149,2026-05-17 22:42:10,
153,448,starter,active,49,2026-05-17 22:41:40,
154,87,enterprise,paused,499,2026-05-17 22:28:13,2026-06-16 22:28:13.411291
155,270,enterprise,active,499,2026-05-17 22:39:19,
156,221,growth,cancelled,149,2026-05-17 22:28:38,2026-06-16 22:28:38.370205
157,418,starter,paused,49,2026-05-17 22:38:22,2026-06-16 22:38:22.180238
158,122,starter,cancelled,49,2026-05-17 22:37:35,2026-06-16 22:37:35.915275
159,190,starter,paused,49,2026-05-17 22:36:12,2026-06-16 22:36:12.003204
160,250,growth,cancelled,149,2026-05-17 22:47:54,2026-06-16 22:47:54.427841
161,63,growth,active,149,2026-05-17 22:54:34,
162,65,starter,active,49,2026-05-17 22:34:17,
163,222,growth,paused,149,2026-05-17 22:28:06,2026-06-16 22:28:06.186570
164,198,enterprise,active,499,2026-05-17 22:59:49,
165,115,growth,active,149,2026-05-17 22:37:31,
166,362,growth,active,149,2026-05-17 22:32:59,
167,277,starter,active,49,2026-05-17 22:30:28,
168,446,growth,active,149,2026-05-17 22:37:47,
169,122,enterprise,active,499,2026-05-17 22:46:30,
170,283,starter,paused,49,2026-05-17 22:40:23,2026-06-16 22:40:23.155827
171,367,starter,active,49,2026-05-17 22:51:15,
172,451,starter,active,49,2026-05-17 22:27:27,
173,342,growth,active,149,2026-05-17 22:48:14,
174,131,starter,paused,49,2026-05-17 22:55:11,2026-06-16 22:55:11.833058
175,180,starter,active,49,2026-05-17 22:33:07,
176,265,growth,active,149,2026-05-17 22:50:34,
177,370,growth,active,149,2026-05-17 22:51:38,
178,354,starter,active,49,2026-05-17 22:39:14,
179,375,starter,active,49,2026-05-17 22:51:12,
180,111,growth,active,149,2026-05-17 22:57:05,
181,205,starter,paused,49,2026-05-17 22:53:23,2026-06-16 22:53:23.522808
182,352,starter,active,49,2026-05-17 22:48:24,
183,497,growth,paused,149,2026-05-17 22:35:03,2026-06-16 22:35:03.317075
184,339,growth,active,149,2026-05-17 22:39:16,
185,448,enterprise,active,499,2026-05-17 22:35:19,
186,98,starter,active,49,2026-05-17 22:36:15,
187,409,starter,paused,49,2026-05-17 22:47:32,2026-06-16 22:47:32.905627
188,351,growth,active,149,2026-05-17 22:42:17,
189,351,growth,active,149,2026-05-17 22:31:49,
190,380,starter,active,49,2026-05-17 22:32:23,
191,401,growth,paused,149,2026-05-17 22:56:07,2026-06-16 22:56:07.284853
192,384,starter,active,49,2026-05-17 22:38:08,
193,154,starter,active,49,2026-05-17 22:39:47,
194,335,enterprise,active,499,2026-05-17 22:42:21,
195,270,starter,cancelled,49,2026-05-17 22:55:26,2026-06-16 22:55:26.808995
196,235,enterprise,active,499,2026-05-17 22:55:49,
197,379,starter,active,49,2026-05-17 22:52:12,
198,43,starter,paused,49,2026-05-17 22:38:33,2026-06-16 22:38:33.585940
199,71,starter,active,49,2026-05-17 22:30:40,
200,65,starter,active,49,2026-05-17 22:29:09,
201,433,growth,active,149,2026-05-17 22:55:10,
202,13,growth,active,149,2026-05-17 22:43:27,
203,68,growth,active,149,2026-05-17 22:46:23,
204,312,starter,active,49,2026-05-17 22:34:39,
205,383,enterprise,active,499,2026-05-17 22:30:25,
206,268,starter,cancelled,49,2026-05-17 22:41:35,2026-06-16 22:41:35.562414
207,128,growth,active,149,2026-05-17 22:44:07,
208,465,starter,active,49,2026-05-17 22:59:19,
209,204,growth,active,149,2026-05-17 22:49:13,
210,40,enterprise,active,499,2026-05-17 22:44:13,
211,209,enterprise,paused,499,2026-05-17 22:54:34,2026-06-16 22:54:34.725021
212,499,growth,active,149,2026-05-17 22:56:49,
213,464,growth,active,149,2026-05-17 22:48:55,
214,489,starter,active,49,2026-05-17 22:58:24,
215,411,starter,cancelled,49,2026-05-17 22:28:05,2026-06-16 22:28:05.717378
216,35,starter,active,49,2026-05-17 22:54:43,
217,216,starter,active,49,2026-05-17 22:41:34,
218,183,growth,active,149,2026-05-17 22:42:45,
219,230,growth,active,149,2026-05-17 22:28:16,
220,167,growth,active,149,2026-05-17 22:53:19,
221,339,growth,active,149,2026-05-17 22:40:58,
222,122,starter,cancelled,49,2026-05-17 22:32:33,2026-06-16 22:32:33.139265
223,51,enterprise,cancelled,499,2026-05-17 22:51:47,2026-06-16 22:51:47.473099
224,432,growth,cancelled,149,2026-05-17 22:53:18,2026-06-16 22:53:18.769325
225,395,starter,cancelled,49,2026-05-17 22:47:59,2026-06-16 22:47:59.313961
226,455,starter,active,49,2026-05-17 22:51:21,
227,210,growth,active,149,2026-05-17 22:37:56,
228,124,enterprise,active,499,2026-05-17 22:39:55,
229,478,starter,active,49,2026-05-17 22:35:44,
230,17,starter,active,49,2026-05-17 22:40:49,
231,249,growth,active,149,2026-05-17 22:36:44,
232,351,starter,active,49,2026-05-17 22:38:16,
233,456,starter,cancelled,49,2026-05-17 22:56:36,2026-06-16 22:56:36.628202
234,240,growth,active,149,2026-05-17 22:41:22,
235,431,starter,paused,49,2026-05-17 22:53:39,2026-06-16 22:53:39.957810
236,153,starter,active,49,2026-05-17 22:45:26,
237,413,growth,active,149,2026-05-17 22:41:03,
238,472,growth,active,149,2026-05-17 22:47:51,
239,240,enterprise,active,499,2026-05-17 22:39:15,
240,118,starter,active,49,2026-05-17 22:51:26,
241,101,growth,active,149,2026-05-17 22:41:30,
242,250,starter,active,49,2026-05-17 22:53:10,
243,208,starter,cancelled,49,2026-05-17 22:34:30,2026-06-16 22:34:30.577372
244,66,growth,active,149,2026-05-17 22:29:44,
245,353,enterprise,active,499,2026-05-17 22:51:21,
246,154,enterprise,active,499,2026-05-17 22:39:22,
247,462,starter,active,49,2026-05-17 22:32:46,
248,462,starter,active,49,2026-05-17 22:41:15,
249,191,starter,paused,49,2026-05-17 22:38:59,2026-06-16 22:38:59.555621
250,111,growth,cancelled,149,2026-05-17 22:35:31,2026-06-16 22:35:31.354200
251,392,growth,active,149,2026-05-17 22:43:18,
252,155,growth,active,149,2026-05-17 22:35:28,
253,7,growth,active,149,2026-05-17 22:46:18,
254,113,starter,active,49,2026-05-17 22:32:30,
255,60,starter,active,49,2026-05-17 22:32:13,
256,102,growth,active,149,2026-05-17 22:56:49,
257,499,growth,active,149,2026-05-17 22:48:54,
258,137,enterprise,active,499,2026-05-17 22:53:36,
259,162,starter,active,49,2026-05-17 22:40:39,
260,239,enterprise,paused,499,2026-05-17 22:30:06,2026-06-16 22:30:06.555168
261,212,enterprise,active,499,2026-05-17 22:40:35,
262,208,starter,active,49,2026-05-17 22:30:14,
263,93,growth,active,149,2026-05-17 22:56:05,
264,334,starter,cancelled,49,2026-05-17 22:31:49,2026-06-16 22:31:49.216413
265,425,enterprise,active,499,2026-05-17 22:30:13,
266,246,starter,active,49,2026-05-17 22:49:58,
267,467,starter,paused,49,2026-05-17 22:55:58,2026-06-16 22:55:58.413747
268,327,starter,paused,49,2026-05-17 22:39:44,2026-06-16 22:39:44.693741
269,379,enterprise,active,499,2026-05-17 22:40:20,
270,406,growth,active,149,2026-05-17 22:45:40,
271,374,starter,active,49,2026-05-17 22:45:38,
272,258,growth,active,149,2026-05-17 22:38:30,
273,233,starter,active,49,2026-05-17 22:53:54,
274,247,starter,active,49,2026-05-17 22:31:16,
275,197,growth,cancelled,149,2026-05-17 22:44:36,2026-06-16 22:44:36.513694
276,63,starter,active,49,2026-05-17 22:36:16,
277,302,growth,active,149,2026-05-17 22:48:45,
278,371,growth,cancelled,149,2026-05-17 22:32:51,2026-06-16 22:32:51.338605
279,121,growth,active,149,2026-05-17 22:29:30,
280,146,growth,cancelled,149,2026-05-17 22:44:37,2026-06-16 22:44:37.968922
281,466,starter,active,49,2026-05-17 22:43:29,
282,206,growth,active,149,2026-05-17 22:36:15,
283,225,enterprise,active,499,2026-05-17 22:39:02,
284,430,enterprise,active,499,2026-05-17 22:29:48,
285,315,enterprise,active,499,2026-05-17 22:52:53,
286,71,starter,active,49,2026-05-17 22:33:27,
287,230,starter,active,49,2026-05-17 22:43:17,
288,492,enterprise,active,499,2026-05-17 22:57:12,
289,234,starter,active,49,2026-05-17 22:48:04,
290,51,enterprise,paused,499,2026-05-17 22:43:43,2026-06-16 22:43:43.590523
291,185,starter,active,49,2026-05-17 22:42:24,
292,150,starter,active,49,2026-05-17 22:59:43,
293,56,enterprise,cancelled,499,2026-05-17 22:54:49,2026-06-16 22:54:49.208349
294,479,starter,active,49,2026-05-17 22:41:35,
295,164,starter,active,49,2026-05-17 22:32:12,
296,397,enterprise,active,499,2026-05-17 22:55:38,
297,260,growth,active,149,2026-05-17 22:44:26,
298,331,starter,active,49,2026-05-17 22:34:21,
299,448,starter,active,49,2026-05-17 22:49:40,
300,7,growth,active,149,2026-05-17 22:32:53,
301,162,growth,active,149,2026-05-17 22:48:49,
302,293,growth,active,149,2026-05-17 22:40:57,
303,351,enterprise,active,499,2026-05-17 22:59:33,
304,310,starter,paused,49,2026-05-17 22:28:41,2026-06-16 22:28:41.088537
305,446,growth,cancelled,149,2026-05-17 22:32:06,2026-06-16 22:32:06.133713
306,155,growth,active,149,2026-05-17 22:50:04,
307,487,growth,active,149,2026-05-17 22:50:50,
308,329,growth,paused,149,2026-05-17 22:45:20,2026-06-16 22:45:20.129196
309,390,starter,active,49,2026-05-17 22:33:37,
310,119,growth,active,149,2026-05-17 22:56:25,
311,169,starter,active,49,2026-05-17 22:55:47,
312,249,growth,paused,149,2026-05-17 22:54:24,2026-06-16 22:54:24.369747
313,441,growth,active,149,2026-05-17 22:46:47,
314,336,enterprise,active,499,2026-05-17 22:58:09,
315,83,growth,paused,149,2026-05-17 22:59:57,2026-06-16 22:59:57.602478
316,208,starter,active,49,2026-05-17 22:44:10,
317,50,starter,cancelled,49,2026-05-17 22:48:27,2026-06-16 22:48:27.421316
318,490,starter,active,49,2026-05-17 22:54:45,
319,400,starter,active,49,2026-05-17 22:45:36,
320,231,enterprise,cancelled,499,2026-05-17 22:36:33,2026-06-16 22:36:33.040512
321,298,growth,active,149,2026-05-17 22:39:59,
322,397,starter,active,49,2026-05-17 22:56:45,
323,378,starter,active,49,2026-05-17 22:29:08,
324,135,enterprise,paused,499,2026-05-17 22:30:19,2026-06-16 22:30:19.656673
325,39,growth,active,149,2026-05-17 22:52:17,
326,109,growth,active,149,2026-05-17 22:39:03,
327,152,growth,active,149,2026-05-17 22:28:59,
328,24,starter,active,49,2026-05-17 22:45:02,
329,274,enterprise,active,499,2026-05-17 22:34:42,
330,51,starter,active,49,2026-05-17 22:37:19,
331,203,starter,paused,49,2026-05-17 22:34:28,2026-06-16 22:34:28.090605
332,214,starter,active,49,2026-05-17 22:42:47,
333,340,enterprise,active,499,2026-05-17 22:38:55,
334,312,growth,active,149,2026-05-17 22:47:00,
335,414,enterprise,active,499,2026-05-17 22:56:18,
336,368,starter,cancelled,49,2026-05-17 22:40:45,2026-06-16 22:40:45.363027
337,325,growth,active,149,2026-05-17 22:44:40,
338,300,starter,cancelled,49,2026-05-17 22:46:35,2026-06-16 22:46:35.038674
339,58,starter,active,49,2026-05-17 22:40:29,
340,131,growth,paused,149,2026-05-17 22:38:54,2026-06-16 22:38:54.229469
341,20,starter,active,49,2026-05-17 22:32:39,
342,137,enterprise,active,499,2026-05-17 22:43:04,
343,480,growth,active,149,2026-05-17 22:38:00,
344,12,starter,active,49,2026-05-17 22:29:53,
345,107,starter,active,49,2026-05-17 22:41:40,
346,65,growth,cancelled,149,2026-05-17 22:52:57,2026-06-16 22:52:57.354270
347,489,growth,active,149,2026-05-17 22:56:24,
348,367,enterprise,active,499,2026-05-17 22:34:49,
349,492,growth,active,149,2026-05-17 22:32:41,
350,267,growth,active,149,2026-05-17 22:54:24,
351,148,growth,paused,149,2026-05-17 22:52:09,2026-06-16 22:52:09.624523
352,367,starter,active,49,2026-05-17 22:42:59,
353,75,growth,cancelled,149,2026-05-17 22:34:26,2026-06-16 22:34:26.691383
354,385,growth,active,149,2026-05-17 22:37:45,
355,287,starter,active,49,2026-05-17 22:45:29,
356,172,starter,active,49,2026-05-17 22:47:52,
357,468,growth,active,149,2026-05-17 22:59:23,
358,492,starter,paused,49,2026-05-17 22:48:24,2026-06-16 22:48:24.209562
359,450,starter,active,49,2026-05-17 22:45:02,
360,445,starter,active,49,2026-05-17 22:59:42,
361,72,starter,cancelled,49,2026-05-17 22:33:06,2026-06-16 22:33:06.742228
362,490,starter,active,49,2026-05-17 22:52:41,
363,121,starter,active,49,2026-05-17 22:45:41,
364,33,enterprise,paused,499,2026-05-17 22:35:06,2026-06-16 22:35:06.870769
365,294,enterprise,active,499,2026-05-17 22:35:01,
366,339,growth,active,149,2026-05-17 22:47:11,
367,381,growth,active,149,2026-05-17 22:58:24,
368,40,growth,active,149,2026-05-17 22:46:42,
369,164,starter,active,49,2026-05-17 22:45:06,
370,230,growth,active,149,2026-05-17 22:39:12,
371,350,enterprise,active,499,2026-05-17 22:35:10,
372,299,starter,active,49,2026-05-17 22:58:50,
373,324,starter,active,49,2026-05-17 22:50:15,
374,22,enterprise,active,499,2026-05-17 22:51:25,
375,416,growth,cancelled,149,2026-05-17 22:48:24,2026-06-16 22:48:24.310236
376,151,enterprise,active,499,2026-05-17 22:38:58,
377,114,growth,active,149,2026-05-17 22:29:22,
378,331,starter,active,49,2026-05-17 22:42:41,
379,160,enterprise,active,499,2026-05-17 22:49:03,
380,482,starter,cancelled,49,2026-05-17 22:58:48,2026-06-16 22:58:48.062470
381,405,growth,active,149,2026-05-17 22:56:27,
382,386,starter,active,49,2026-05-17 22:33:42,
383,406,starter,paused,49,2026-05-17 22:46:09,2026-06-16 22:46:09.520937
384,116,starter,active,49,2026-05-17 22:37:26,
385,425,starter,active,49,2026-05-17 22:54:51,
386,230,starter,active,49,2026-05-17 22:55:12,
387,153,growth,active,149,2026-05-17 22:53:29,
388,204,starter,cancelled,49,2026-05-17 22:40:37,2026-06-16 22:40:37.599973
389,129,growth,active,149,2026-05-17 22:41:32,
390,172,growth,active,149,2026-05-17 22:54:22,
391,466,growth,active,149,2026-05-17 22:40:19,
392,11,starter,active,49,2026-05-17 22:55:05,
393,129,growth,active,149,2026-05-17 22:37:12,
394,185,starter,active,49,2026-05-17 22:40:30,
395,145,starter,active,49,2026-05-17 22:41:08,
396,56,growth,active,149,2026-05-17 22:51:25,
397,356,enterprise,active,499,2026-05-17 22:49:25,
398,191,growth,paused,149,2026-05-17 22:44:05,2026-06-16 22:44:05.045476
399,291,enterprise,paused,499,2026-05-17 22:30:36,2026-06-16 22:30:36.664747
400,63,enterprise,cancelled,499,2026-05-17 22:40:17,2026-06-16 22:40:17.918201
401,12,growth,active,149,2026-05-17 22:28:14,
402,157,growth,active,149,2026-05-17 22:59:11,
403,378,enterprise,cancelled,499,2026-05-17 22:37:53,2026-06-16 22:37:53.458469
404,167,enterprise,active,499,2026-05-17 22:39:31,
405,411,enterprise,cancelled,499,2026-05-17 22:56:51,2026-06-16 22:56:51.174886
406,16,growth,active,149,2026-05-17 22:28:53,
407,99,growth,active,149,2026-05-17 22:57:09,
408,148,enterprise,active,499,2026-05-17 22:37:29,
409,486,starter,cancelled,49,2026-05-17 22:39:05,2026-06-16 22:39:05.717769
410,181,growth,paused,149,2026-05-17 22:39:34,2026-06-16 22:39:34.025342
411,373,growth,cancelled,149,2026-05-17 22:57:30,2026-06-16 22:57:30.987249
412,43,starter,cancelled,49,2026-05-17 22:57:40,2026-06-16 22:57:40.067707
413,487,growth,active,149,2026-05-17 22:59:05,
414,4,growth,paused,149,2026-05-17 22:49:01,2026-06-16 22:49:01.366677
415,417,starter,active,49,2026-05-17 22:38:04,
416,30,enterprise,active,499,2026-05-17 22:56:30,
417,127,starter,cancelled,49,2026-05-17 22:42:18,2026-06-16 22:42:18.253428
418,31,growth,active,149,2026-05-17 23:00:02,
419,456,enterprise,active,499,2026-05-17 22:36:01,
420,37,starter,active,49,2026-05-17 22:37:47,
421,414,enterprise,active,499,2026-05-17 22:34:24,
422,257,starter,active,49,2026-05-17 22:59:57,
423,314,starter,cancelled,49,2026-05-17 22:39:54,2026-06-16 22:39:54.117299
424,489,growth,paused,149,2026-05-17 22:36:33,2026-06-16 22:36:33.657043
425,491,starter,cancelled,49,2026-05-17 22:58:24,2026-06-16 22:58:24.490034
426,361,starter,paused,49,2026-05-17 22:38:40,2026-06-16 22:38:40.009730
427,245,growth,active,149,2026-05-17 22:39:54,
428,297,starter,active,49,2026-05-17 22:52:27,
429,44,growth,cancelled,149,2026-05-17 22:49:36,2026-06-16 22:49:36.334263
430,22,growth,active,149,2026-05-17 22:59:19,
431,470,starter,cancelled,49,2026-05-17 22:29:45,2026-06-16 22:29:45.435087
432,158,starter,active,49,2026-05-17 22:39:10,
433,84,growth,active,149,2026-05-17 22:40:09,
434,14,starter,active,49,2026-05-17 22:44:17,
435,104,growth,active,149,2026-05-17 22:46:26,
436,323,starter,active,49,2026-05-17 22:28:25,
437,25,starter,active,49,2026-05-17 22:37:24,
438,452,starter,paused,49,2026-05-17 22:47:51,2026-06-16 22:47:51.005755
439,252,enterprise,active,499,2026-05-17 22:48:24,
440,241,enterprise,active,499,2026-05-17 22:45:01,
441,304,enterprise,active,499,2026-05-17 22:47:31,
442,154,growth,active,149,2026-05-17 22:45:52,
443,276,starter,active,49,2026-05-17 22:56:20,
444,219,starter,active,49,2026-05-17 22:46:00,
445,9,growth,active,149,2026-05-17 22:41:38,
446,257,starter,cancelled,49,2026-05-17 22:52:21,2026-06-16 22:52:21.368865
447,81,growth,active,149,2026-05-17 22:35:23,
448,373,starter,active,49,2026-05-17 22:57:12,
449,120,enterprise,active,499,2026-05-17 22:55:29,
450,324,growth,active,149,2026-05-17 22:29:50,
451,41,enterprise,active,499,2026-05-17 22:39:17,
452,114,enterprise,active,499,2026-05-17 22:34:01,
453,375,growth,active,149,2026-05-17 22:37:51,
454,139,starter,active,49,2026-05-17 22:43:15,
455,120,growth,paused,149,2026-05-17 22:59:14,2026-06-16 22:59:14.665224
456,490,growth,cancelled,149,2026-05-17 22:29:13,2026-06-16 22:29:13.492715
457,376,growth,cancelled,149,2026-05-17 22:44:14,2026-06-16 22:44:14.416981
458,107,starter,active,49,2026-05-17 22:35:25,
459,252,starter,active,49,2026-05-17 22:44:48,
460,288,starter,active,49,2026-05-17 22:52:52,
461,343,starter,active,49,2026-05-17 22:48:24,
462,339,starter,active,49,2026-05-17 22:55:07,
463,231,enterprise,active,499,2026-05-17 22:47:04,
464,130,starter,active,49,2026-05-17 22:31:42,
465,314,growth,active,149,2026-05-17 22:47:50,
466,77,growth,active,149,2026-05-17 22:45:24,
467,174,starter,active,49,2026-05-17 22:30:10,
468,319,starter,active,49,2026-05-17 22:32:20,
469,396,starter,active,49,2026-05-17 22:48:40,
470,74,growth,cancelled,149,2026-05-17 22:28:15,2026-06-16 22:28:15.410507
471,191,starter,cancelled,49,2026-05-17 22:37:28,2026-06-16 22:37:28.984736
472,82,growth,active,149,2026-05-17 22:59:59,
473,428,starter,cancelled,49,2026-05-17 22:33:01,2026-06-16 22:33:01.749517
474,246,growth,active,149,2026-05-17 22:56:50,
475,217,enterprise,cancelled,499,2026-05-17 22:53:09,2026-06-16 22:53:09.455631
476,333,starter,active,49,2026-05-17 22:59:03,
477,456,growth,cancelled,149,2026-05-17 22:29:34,2026-06-16 22:29:34.859138
478,308,growth,paused,149,2026-05-17 22:37:09,2026-06-16 22:37:09.177506
479,16,growth,active,149,2026-05-17 22:35:51,
480,427,growth,active,149,2026-05-17 22:42:21,
481,53,growth,active,149,2026-05-17 22:41:58,
482,177,growth,active,149,2026-05-17 22:54:43,
483,416,starter,active,49,2026-05-17 22:47:43,
484,289,growth,paused,149,2026-05-17 22:27:44,2026-06-16 22:27:44.868237
485,291,starter,active,49,2026-05-17 22:51:02,
486,267,starter,active,49,2026-05-17 22:57:58,
487,379,starter,paused,49,2026-05-17 22:30:02,2026-06-16 22:30:02.183619
488,412,starter,active,49,2026-05-17 22:35:11,
489,483,starter,active,49,2026-05-17 22:41:44,
490,46,starter,active,49,2026-05-17 22:51:46,
491,103,starter,active,49,2026-05-17 22:37:27,
492,41,starter,active,49,2026-05-17 22:59:48,
493,108,starter,cancelled,49,2026-05-17 22:50:56,2026-06-16 22:50:56.889754
494,374,growth,cancelled,149,2026-05-17 22:38:31,2026-06-16 22:38:31.977301
495,434,starter,cancelled,49,2026-05-17 22:28:54,2026-06-16 22:28:54.981045
496,479,enterprise,active,499,2026-05-17 22:51:39,
497,452,starter,cancelled,49,2026-05-17 22:37:41,2026-06-16 22:37:41.647822
498,140,enterprise,paused,499,2026-05-17 22:29:25,2026-06-16 22:29:25.437644
499,435,growth,active,149,2026-05-17 22:33:32,
500,471,growth,active,149,2026-05-17 22:34:32,
501,460,growth,active,149,2026-05-17 22:43:10,
502,227,enterprise,active,499,2026-05-17 22:55:36,
503,341,growth,paused,149,2026-05-17 22:41:18,2026-06-16 22:41:18.124873
504,209,enterprise,active,499,2026-05-17 22:33:38,
505,449,growth,active,149,2026-05-17 22:45:22,
506,200,starter,active,49,2026-05-17 22:31:30,
507,386,starter,paused,49,2026-05-17 22:37:47,2026-06-16 22:37:47.357366
508,450,starter,paused,49,2026-05-17 22:34:40,2026-06-16 22:34:40.152085
509,227,enterprise,active,499,2026-05-17 22:30:04,
510,153,enterprise,cancelled,499,2026-05-17 22:49:42,2026-06-16 22:49:42.686668
511,257,enterprise,paused,499,2026-05-17 22:29:40,2026-06-16 22:29:40.887860
512,115,growth,cancelled,149,2026-05-17 22:50:20,2026-06-16 22:50:20.647501
513,214,growth,active,149,2026-05-17 22:39:28,
514,61,starter,active,49,2026-05-17 22:53:02,
515,308,growth,active,149,2026-05-17 22:46:50,
516,269,growth,cancelled,149,2026-05-17 22:39:52,2026-06-16 22:39:52.463722
517,301,starter,active,49,2026-05-17 22:34:24,
518,375,starter,active,49,2026-05-17 22:32:34,
519,7,enterprise,active,499,2026-05-17 22:56:52,
520,118,enterprise,active,499,2026-05-17 22:51:35,
521,232,starter,active,49,2026-05-17 22:43:03,
522,445,starter,active,49,2026-05-17 22:29:53,
523,308,growth,active,149,2026-05-17 22:35:49,
524,80,growth,active,149,2026-05-17 22:27:41,
525,287,growth,active,149,2026-05-17 22:47:38,
526,298,starter,paused,49,2026-05-17 22:49:00,2026-06-16 22:49:00.229167
527,137,enterprise,active,499,2026-05-17 22:48:12,
528,63,growth,active,149,2026-05-17 22:33:51,
529,199,growth,active,149,2026-05-17 22:55:30,
530,126,growth,active,149,2026-05-17 22:49:38,
531,298,enterprise,active,499,2026-05-17 22:32:44,
532,452,enterprise,active,499,2026-05-17 22:53:52,
533,249,starter,active,49,2026-05-17 22:34:56,
534,199,growth,paused,149,2026-05-17 22:53:38,2026-06-16 22:53:38.811353
535,139,enterprise,active,499,2026-05-17 22:57:30,
536,124,growth,cancelled,149,2026-05-17 22:37:45,2026-06-16 22:37:45.441547
537,77,starter,active,49,2026-05-17 22:41:34,
538,29,growth,active,149,2026-05-17 22:34:13,
539,428,starter,paused,49,2026-05-17 22:49:37,2026-06-16 22:49:37.660670
540,433,growth,active,149,2026-05-17 22:31:51,
541,205,starter,active,49,2026-05-17 22:56:33,
542,227,starter,active,49,2026-05-17 22:53:41,
543,256,enterprise,active,499,2026-05-17 22:45:57,
544,410,enterprise,active,499,2026-05-17 22:36:45,
545,128,growth,active,149,2026-05-17 22:39:49,
546,285,growth,cancelled,149,2026-05-17 22:30:21,2026-06-16 22:30:21.439556
547,283,enterprise,active,499,2026-05-17 22:45:29,
548,53,starter,cancelled,49,2026-05-17 22:52:24,2026-06-16 22:52:24.459550
549,138,starter,cancelled,49,2026-05-17 22:41:39,2026-06-16 22:41:39.054957
550,256,starter,active,49,2026-05-17 22:54:35,
551,409,growth,active,149,2026-05-17 22:53:16,
552,485,enterprise,active,499,2026-05-17 22:28:30,
553,83,enterprise,active,499,2026-05-17 22:35:06,
554,439,growth,cancelled,149,2026-05-17 22:28:30,2026-06-16 22:28:30.467867
555,273,growth,paused,149,2026-05-17 22:47:58,2026-06-16 22:47:58.675635
556,441,enterprise,active,499,2026-05-17 22:54:18,
557,321,growth,paused,149,2026-05-17 22:53:36,2026-06-16 22:53:36.524999
558,44,growth,active,149,2026-05-17 22:28:50,
559,428,starter,active,49,2026-05-17 22:42:24,
560,91,growth,active,149,2026-05-17 22:36:27,
561,175,enterprise,active,499,2026-05-17 22:47:24,
562,159,starter,active,49,2026-05-17 22:41:42,
563,166,growth,active,149,2026-05-17 22:53:46,
564,304,starter,active,49,2026-05-17 22:55:02,
565,7,starter,active,49,2026-05-17 22:42:52,
566,144,growth,active,149,2026-05-17 22:40:23,
567,34,growth,cancelled,149,2026-05-17 22:31:38,2026-06-16 22:31:38.169319
568,464,starter,active,49,2026-05-17 22:41:00,
569,246,growth,active,149,2026-05-17 22:59:01,
570,309,starter,active,49,2026-05-17 22:33:47,
571,317,growth,cancelled,149,2026-05-17 22:50:09,2026-06-16 22:50:09.092092
572,217,growth,paused,149,2026-05-17 22:35:26,2026-06-16 22:35:26.920005
573,49,growth,active,149,2026-05-17 22:30:49,
574,73,starter,active,49,2026-05-17 22:48:27,
575,292,growth,active,149,2026-05-17 22:38:15,
576,41,starter,cancelled,49,2026-05-17 22:43:00,2026-06-16 22:43:00.593633
577,50,enterprise,cancelled,499,2026-05-17 22:37:04,2026-06-16 22:37:04.701511
578,17,starter,cancelled,49,2026-05-17 22:45:28,2026-06-16 22:45:28.774581
579,334,starter,active,49,2026-05-17 22:47:43,
580,247,starter,active,49,2026-05-17 22:44:16,
581,475,enterprise,cancelled,499,2026-05-17 22:50:47,2026-06-16 22:50:47.499695
582,10,growth,active,149,2026-05-17 22:31:14,
583,243,starter,active,49,2026-05-17 22:35:32,
584,138,starter,active,49,2026-05-17 22:48:23,
585,468,starter,active,49,2026-05-17 22:44:44,
586,392,starter,active,49,2026-05-17 22:30:20,
587,425,starter,active,49,2026-05-17 22:34:57,
588,407,enterprise,active,499,2026-05-17 22:54:53,
589,140,starter,active,49,2026-05-17 22:35:39,
590,153,starter,active,49,2026-05-17 22:50:09,
591,285,starter,active,49,2026-05-17 22:58:51,
592,187,starter,active,49,2026-05-17 22:34:07,
593,7,starter,active,49,2026-05-17 22:56:27,
594,279,enterprise,active,499,2026-05-17 22:59:38,
595,141,growth,cancelled,149,2026-05-17 22:57:21,2026-06-16 22:57:21.303176
596,242,starter,active,49,2026-05-17 22:53:48,
597,401,starter,active,49,2026-05-17 22:30:04,
598,489,starter,cancelled,49,2026-05-17 22:57:56,2026-06-16 22:57:56.219195
599,272,starter,active,49,2026-05-17 22:51:49,
600,18,starter,active,49,2026-05-17 22:44:53,
